{"id":"BlindMaze","title":"Blind Maze","description":"Navigate through a Maze You can't see! Not that you couldn't see the walls before, so how hard could it be?\n\nModule ID: BlindMaze\r\n\r\nManual Page: https://ktane.timwi.de/HTML/Blind%20Maze.html\n\nMod originally created by JoketteWuzHere, now managed by Riverbui.\n\nSpecial Thanks to Sam, Cait, and Timwi for providing assistence with the coding.\n\nAny feedback is welcome- If you have any suggestions or fixes, there's a pretty good chance I'll accept pull requests. Source will be available on request.","version":"1.0","unityVersion":"2017.1.0p4"}